video_id,label,signer_id,source_dataset,split_original,path,num_frames,is_augmented
03053,appointment,wlasl_9,WLASL,val,data/selected/landmarks/appointment/03053_orig.npy,43,False
03058,appointment,wlasl_46,WLASL,test,data/selected/landmarks/appointment/03058_orig.npy,41,False
03060,appointment,wlasl_13,WLASL,test,data/selected/landmarks/appointment/03060_orig.npy,74,False
03053_aug_0,appointment,wlasl_9,WLASL_AUG,val,data/selected/landmarks/appointment/03053_aug_0_speed_fast.npy,36,True
03056_aug_1,appointment,wlasl_2,WLASL_AUG,train,data/selected/landmarks/appointment/03056_aug_1_speed_slow.npy,80,True
03058_aug_2,appointment,wlasl_46,WLASL_AUG,test,data/selected/landmarks/appointment/03058_aug_2_jitter.npy,41,True
03060_aug_3,appointment,wlasl_13,WLASL_AUG,test,data/selected/landmarks/appointment/03060_aug_3_scale_rotate.npy,74,True
70155_aug_4,appointment,wlasl_121,WLASL_AUG,train,data/selected/landmarks/appointment/70155_aug_4_speed_fast.npy,14,True
03053_aug_0_aug_5,appointment,wlasl_9,WLASL_AUG_AUG,val,data/selected/landmarks/appointment/03053_aug_0_aug_5_speed_slow.npy,41,True
03056_aug_1_aug_6,appointment,wlasl_2,WLASL_AUG_AUG,train,data/selected/landmarks/appointment/03056_aug_1_aug_6_jitter.npy,80,True
03058_aug_2_aug_7,appointment,wlasl_46,WLASL_AUG_AUG,test,data/selected/landmarks/appointment/03058_aug_2_aug_7_scale_rotate.npy,41,True
03060_aug_3_aug_8,appointment,wlasl_13,WLASL_AUG_AUG,test,data/selected/landmarks/appointment/03060_aug_3_aug_8_speed_fast.npy,62,True
70155_aug_4_aug_9,appointment,wlasl_121,WLASL_AUG_AUG,train,data/selected/landmarks/appointment/70155_aug_4_aug_9_speed_slow.npy,16,True
03053_aug_0_aug_5_aug_10,appointment,wlasl_9,WLASL_AUG_AUG_AUG,val,data/selected/landmarks/appointment/03053_aug_0_aug_5_aug_10_jitter.npy,41,True
03056_aug_1_aug_6_aug_11,appointment,wlasl_2,WLASL_AUG_AUG_AUG,train,data/selected/landmarks/appointment/03056_aug_1_aug_6_aug_11_scale_rotate.npy,80,True
03058_aug_2_aug_7_aug_12,appointment,wlasl_46,WLASL_AUG_AUG_AUG,test,data/selected/landmarks/appointment/03058_aug_2_aug_7_aug_12_speed_fast.npy,34,True
03060_aug_3_aug_8_aug_13,appointment,wlasl_13,WLASL_AUG_AUG_AUG,test,data/selected/landmarks/appointment/03060_aug_3_aug_8_aug_13_speed_slow.npy,71,True
70155_aug_4_aug_9_aug_14,appointment,wlasl_121,WLASL_AUG_AUG_AUG,train,data/selected/landmarks/appointment/70155_aug_4_aug_9_aug_14_jitter.npy,16,True
03053_aug_0_aug_5_aug_10_aug_15,appointment,wlasl_9,WLASL_AUG_AUG_AUG_AUG,val,data/selected/landmarks/appointment/03053_aug_0_aug_5_aug_10_aug_15_scale_rotate.npy,41,True
03056_aug_1_aug_6_aug_11_aug_16,appointment,wlasl_2,WLASL_AUG_AUG_AUG_AUG,train,data/selected/landmarks/appointment/03056_aug_1_aug_6_aug_11_aug_16_speed_fast.npy,68,True
03058_aug_2_aug_7_aug_12_aug_17,appointment,wlasl_46,WLASL_AUG_AUG_AUG_AUG,test,data/selected/landmarks/appointment/03058_aug_2_aug_7_aug_12_aug_17_speed_slow.npy,39,True
03060_aug_3_aug_8_aug_13_aug_18,appointment,wlasl_13,WLASL_AUG_AUG_AUG_AUG,test,data/selected/landmarks/appointment/03060_aug_3_aug_8_aug_13_aug_18_jitter.npy,71,True
70155_aug_4_aug_9_aug_14_aug_19,appointment,wlasl_121,WLASL_AUG_AUG_AUG_AUG,train,data/selected/landmarks/appointment/70155_aug_4_aug_9_aug_14_aug_19_scale_rotate.npy,16,True
03053_aug_0_aug_5_aug_10_aug_15_aug_20,appointment,wlasl_9,WLASL_AUG_AUG_AUG_AUG_AUG,val,data/selected/landmarks/appointment/03053_aug_0_aug_5_aug_10_aug_15_aug_20_speed_fast.npy,34,True
03056_aug_1_aug_6_aug_11_aug_16_aug_21,appointment,wlasl_2,WLASL_AUG_AUG_AUG_AUG_AUG,train,data/selected/landmarks/appointment/03056_aug_1_aug_6_aug_11_aug_16_aug_21_speed_slow.npy,78,True
03058_aug_2_aug_7_aug_12_aug_17_aug_22,appointment,wlasl_46,WLASL_AUG_AUG_AUG_AUG_AUG,test,data/selected/landmarks/appointment/03058_aug_2_aug_7_aug_12_aug_17_aug_22_jitter.npy,39,True
17007,doctor,wlasl_9,WLASL,train,data/selected/landmarks/doctor/17007_orig.npy,50,False
17022,doctor,wlasl_5,WLASL,val,data/selected/landmarks/doctor/17022_orig.npy,60,False
17023,doctor,wlasl_5,WLASL,val,data/selected/landmarks/doctor/17023_orig.npy,47,False
17017,doctor,wlasl_21,WLASL,train,data/selected/landmarks/doctor/17017_orig.npy,49,False
17016,doctor,wlasl_60,WLASL,val,data/selected/landmarks/doctor/17016_orig.npy,52,False
17007_aug_0,doctor,wlasl_9,WLASL_AUG,train,data/selected/landmarks/doctor/17007_aug_0_speed_fast.npy,42,True
17013_aug_1,doctor,wlasl_8,WLASL_AUG,train,data/selected/landmarks/doctor/17013_aug_1_speed_slow.npy,57,True
17016_aug_2,doctor,wlasl_60,WLASL_AUG,val,data/selected/landmarks/doctor/17016_aug_2_jitter.npy,52,True
17017_aug_3,doctor,wlasl_21,WLASL_AUG,train,data/selected/landmarks/doctor/17017_aug_3_scale_rotate.npy,49,True
17022_aug_4,doctor,wlasl_5,WLASL_AUG,val,data/selected/landmarks/doctor/17022_aug_4_speed_fast.npy,51,True
17023_aug_5,doctor,wlasl_5,WLASL_AUG,val,data/selected/landmarks/doctor/17023_aug_5_speed_slow.npy,54,True
70049_aug_6,doctor,wlasl_121,WLASL_AUG,train,data/selected/landmarks/doctor/70049_aug_6_jitter.npy,53,True
17007_aug_0_aug_7,doctor,wlasl_9,WLASL_AUG_AUG,train,data/selected/landmarks/doctor/17007_aug_0_aug_7_scale_rotate.npy,42,True
17013_aug_1_aug_8,doctor,wlasl_8,WLASL_AUG_AUG,train,data/selected/landmarks/doctor/17013_aug_1_aug_8_speed_fast.npy,48,True
17016_aug_2_aug_9,doctor,wlasl_60,WLASL_AUG_AUG,val,data/selected/landmarks/doctor/17016_aug_2_aug_9_speed_slow.npy,59,True
17017_aug_3_aug_10,doctor,wlasl_21,WLASL_AUG_AUG,train,data/selected/landmarks/doctor/17017_aug_3_aug_10_jitter.npy,49,True
17022_aug_4_aug_11,doctor,wlasl_5,WLASL_AUG_AUG,val,data/selected/landmarks/doctor/17022_aug_4_aug_11_scale_rotate.npy,51,True
17023_aug_5_aug_12,doctor,wlasl_5,WLASL_AUG_AUG,val,data/selected/landmarks/doctor/17023_aug_5_aug_12_speed_fast.npy,45,True
70049_aug_6_aug_13,doctor,wlasl_121,WLASL_AUG_AUG,train,data/selected/landmarks/doctor/70049_aug_6_aug_13_speed_slow.npy,60,True
17007_aug_0_aug_7_aug_14,doctor,wlasl_9,WLASL_AUG_AUG_AUG,train,data/selected/landmarks/doctor/17007_aug_0_aug_7_aug_14_jitter.npy,42,True
17013_aug_1_aug_8_aug_15,doctor,wlasl_8,WLASL_AUG_AUG_AUG,train,data/selected/landmarks/doctor/17013_aug_1_aug_8_aug_15_scale_rotate.npy,48,True
17016_aug_2_aug_9_aug_16,doctor,wlasl_60,WLASL_AUG_AUG_AUG,val,data/selected/landmarks/doctor/17016_aug_2_aug_9_aug_16_speed_fast.npy,50,True
17017_aug_3_aug_10_aug_17,doctor,wlasl_21,WLASL_AUG_AUG_AUG,train,data/selected/landmarks/doctor/17017_aug_3_aug_10_aug_17_speed_slow.npy,56,True
17022_aug_4_aug_11_aug_18,doctor,wlasl_5,WLASL_AUG_AUG_AUG,val,data/selected/landmarks/doctor/17022_aug_4_aug_11_aug_18_jitter.npy,51,True
17023_aug_5_aug_12_aug_19,doctor,wlasl_5,WLASL_AUG_AUG_AUG,val,data/selected/landmarks/doctor/17023_aug_5_aug_12_aug_19_scale_rotate.npy,45,True
70049_aug_6_aug_13_aug_20,doctor,wlasl_121,WLASL_AUG_AUG_AUG,train,data/selected/landmarks/doctor/70049_aug_6_aug_13_aug_20_speed_fast.npy,51,True
18939,emergency,wlasl_9,WLASL,test,data/selected/landmarks/emergency/18939_orig.npy,77,False
18950,emergency,wlasl_5,WLASL,train,data/selected/landmarks/emergency/18950_orig.npy,40,False
18939_aug_0,emergency,wlasl_9,WLASL_AUG,test,data/selected/landmarks/emergency/18939_aug_0_speed_fast.npy,65,True
18944_aug_1,emergency,wlasl_45,WLASL_AUG,train,data/selected/landmarks/emergency/18944_aug_1_speed_slow.npy,36,True
18946_aug_2,emergency,wlasl_21,WLASL_AUG,train,data/selected/landmarks/emergency/18946_aug_2_jitter.npy,50,True
18950_aug_3,emergency,wlasl_5,WLASL_AUG,train,data/selected/landmarks/emergency/18950_aug_3_scale_rotate.npy,40,True
18939_aug_0_aug_4,emergency,wlasl_9,WLASL_AUG_AUG,test,data/selected/landmarks/emergency/18939_aug_0_aug_4_speed_fast.npy,55,True
18944_aug_1_aug_5,emergency,wlasl_45,WLASL_AUG_AUG,train,data/selected/landmarks/emergency/18944_aug_1_aug_5_speed_slow.npy,41,True
18946_aug_2_aug_6,emergency,wlasl_21,WLASL_AUG_AUG,train,data/selected/landmarks/emergency/18946_aug_2_aug_6_jitter.npy,50,True
18950_aug_3_aug_7,emergency,wlasl_5,WLASL_AUG_AUG,train,data/selected/landmarks/emergency/18950_aug_3_aug_7_scale_rotate.npy,40,True
18939_aug_0_aug_4_aug_8,emergency,wlasl_9,WLASL_AUG_AUG_AUG,test,data/selected/landmarks/emergency/18939_aug_0_aug_4_aug_8_speed_fast.npy,46,True
18944_aug_1_aug_5_aug_9,emergency,wlasl_45,WLASL_AUG_AUG_AUG,train,data/selected/landmarks/emergency/18944_aug_1_aug_5_aug_9_speed_slow.npy,47,True
18946_aug_2_aug_6_aug_10,emergency,wlasl_21,WLASL_AUG_AUG_AUG,train,data/selected/landmarks/emergency/18946_aug_2_aug_6_aug_10_jitter.npy,50,True
18950_aug_3_aug_7_aug_11,emergency,wlasl_5,WLASL_AUG_AUG_AUG,train,data/selected/landmarks/emergency/18950_aug_3_aug_7_aug_11_scale_rotate.npy,40,True
18939_aug_0_aug_4_aug_8_aug_12,emergency,wlasl_9,WLASL_AUG_AUG_AUG_AUG,test,data/selected/landmarks/emergency/18939_aug_0_aug_4_aug_8_aug_12_speed_fast.npy,39,True
18944_aug_1_aug_5_aug_9_aug_13,emergency,wlasl_45,WLASL_AUG_AUG_AUG_AUG,train,data/selected/landmarks/emergency/18944_aug_1_aug_5_aug_9_aug_13_speed_slow.npy,54,True
18946_aug_2_aug_6_aug_10_aug_14,emergency,wlasl_21,WLASL_AUG_AUG_AUG_AUG,train,data/selected/landmarks/emergency/18946_aug_2_aug_6_aug_10_aug_14_jitter.npy,50,True
18950_aug_3_aug_7_aug_11_aug_15,emergency,wlasl_5,WLASL_AUG_AUG_AUG_AUG,train,data/selected/landmarks/emergency/18950_aug_3_aug_7_aug_11_aug_15_scale_rotate.npy,40,True
18939_aug_0_aug_4_aug_8_aug_12_aug_16,emergency,wlasl_9,WLASL_AUG_AUG_AUG_AUG_AUG,test,data/selected/landmarks/emergency/18939_aug_0_aug_4_aug_8_aug_12_aug_16_speed_fast.npy,33,True
18944_aug_1_aug_5_aug_9_aug_13_aug_17,emergency,wlasl_45,WLASL_AUG_AUG_AUG_AUG_AUG,train,data/selected/landmarks/emergency/18944_aug_1_aug_5_aug_9_aug_13_aug_17_speed_slow.npy,62,True
18946_aug_2_aug_6_aug_10_aug_14_aug_18,emergency,wlasl_21,WLASL_AUG_AUG_AUG_AUG_AUG,train,data/selected/landmarks/emergency/18946_aug_2_aug_6_aug_10_aug_14_aug_18_jitter.npy,50,True
18950_aug_3_aug_7_aug_11_aug_15_aug_19,emergency,wlasl_5,WLASL_AUG_AUG_AUG_AUG_AUG,train,data/selected/landmarks/emergency/18950_aug_3_aug_7_aug_11_aug_15_aug_19_scale_rotate.npy,40,True
18939_aug_0_aug_4_aug_8_aug_12_aug_16_aug_20,emergency,wlasl_9,WLASL_AUG_AUG_AUG_AUG_AUG_AUG,test,data/selected/landmarks/emergency/18939_aug_0_aug_4_aug_8_aug_12_aug_16_aug_20_speed_fast.npy,28,True
18944_aug_1_aug_5_aug_9_aug_13_aug_17_aug_21,emergency,wlasl_45,WLASL_AUG_AUG_AUG_AUG_AUG_AUG,train,data/selected/landmarks/emergency/18944_aug_1_aug_5_aug_9_aug_13_aug_17_aug_21_speed_slow.npy,71,True
18946_aug_2_aug_6_aug_10_aug_14_aug_18_aug_22,emergency,wlasl_21,WLASL_AUG_AUG_AUG_AUG_AUG_AUG,train,data/selected/landmarks/emergency/18946_aug_2_aug_6_aug_10_aug_14_aug_18_aug_22_jitter.npy,50,True
18950_aug_3_aug_7_aug_11_aug_15_aug_19_aug_23,emergency,wlasl_5,WLASL_AUG_AUG_AUG_AUG_AUG_AUG,train,data/selected/landmarks/emergency/18950_aug_3_aug_7_aug_11_aug_15_aug_19_aug_23_scale_rotate.npy,40,True
23046,form,wlasl_21,WLASL,val,data/selected/landmarks/form/23046_orig.npy,49,False
23053,form,wlasl_5,WLASL,train,data/selected/landmarks/form/23053_orig.npy,35,False
23043,form,wlasl_32,WLASL,train,data/selected/landmarks/form/23043_orig.npy,28,False
23042_aug_0,form,wlasl_37,WLASL_AUG,test,data/selected/landmarks/form/23042_aug_0_speed_fast.npy,41,True
23043_aug_1,form,wlasl_32,WLASL_AUG,train,data/selected/landmarks/form/23043_aug_1_speed_slow.npy,32,True
23045_aug_2,form,wlasl_21,WLASL_AUG,val,data/selected/landmarks/form/23045_aug_2_jitter.npy,42,True
23046_aug_3,form,wlasl_21,WLASL_AUG,val,data/selected/landmarks/form/23046_aug_3_scale_rotate.npy,49,True
23053_aug_4,form,wlasl_5,WLASL_AUG,train,data/selected/landmarks/form/23053_aug_4_speed_fast.npy,29,True
23042_aug_0_aug_5,form,wlasl_37,WLASL_AUG_AUG,test,data/selected/landmarks/form/23042_aug_0_aug_5_speed_slow.npy,47,True
23043_aug_1_aug_6,form,wlasl_32,WLASL_AUG_AUG,train,data/selected/landmarks/form/23043_aug_1_aug_6_jitter.npy,32,True
23045_aug_2_aug_7,form,wlasl_21,WLASL_AUG_AUG,val,data/selected/landmarks/form/23045_aug_2_aug_7_scale_rotate.npy,42,True
23046_aug_3_aug_8,form,wlasl_21,WLASL_AUG_AUG,val,data/selected/landmarks/form/23046_aug_3_aug_8_speed_fast.npy,41,True
23053_aug_4_aug_9,form,wlasl_5,WLASL_AUG_AUG,train,data/selected/landmarks/form/23053_aug_4_aug_9_speed_slow.npy,33,True
23042_aug_0_aug_5_aug_10,form,wlasl_37,WLASL_AUG_AUG_AUG,test,data/selected/landmarks/form/23042_aug_0_aug_5_aug_10_jitter.npy,47,True
23043_aug_1_aug_6_aug_11,form,wlasl_32,WLASL_AUG_AUG_AUG,train,data/selected/landmarks/form/23043_aug_1_aug_6_aug_11_scale_rotate.npy,32,True
23045_aug_2_aug_7_aug_12,form,wlasl_21,WLASL_AUG_AUG_AUG,val,data/selected/landmarks/form/23045_aug_2_aug_7_aug_12_speed_fast.npy,35,True
23046_aug_3_aug_8_aug_13,form,wlasl_21,WLASL_AUG_AUG_AUG,val,data/selected/landmarks/form/23046_aug_3_aug_8_aug_13_speed_slow.npy,47,True
23053_aug_4_aug_9_aug_14,form,wlasl_5,WLASL_AUG_AUG_AUG,train,data/selected/landmarks/form/23053_aug_4_aug_9_aug_14_jitter.npy,33,True
23042_aug_0_aug_5_aug_10_aug_15,form,wlasl_37,WLASL_AUG_AUG_AUG_AUG,test,data/selected/landmarks/form/23042_aug_0_aug_5_aug_10_aug_15_scale_rotate.npy,47,True
23043_aug_1_aug_6_aug_11_aug_16,form,wlasl_32,WLASL_AUG_AUG_AUG_AUG,train,data/selected/landmarks/form/23043_aug_1_aug_6_aug_11_aug_16_speed_fast.npy,27,True
23045_aug_2_aug_7_aug_12_aug_17,form,wlasl_21,WLASL_AUG_AUG_AUG_AUG,val,data/selected/landmarks/form/23045_aug_2_aug_7_aug_12_aug_17_speed_slow.npy,40,True
23046_aug_3_aug_8_aug_13_aug_18,form,wlasl_21,WLASL_AUG_AUG_AUG_AUG,val,data/selected/landmarks/form/23046_aug_3_aug_8_aug_13_aug_18_jitter.npy,47,True
23053_aug_4_aug_9_aug_14_aug_19,form,wlasl_5,WLASL_AUG_AUG_AUG_AUG,train,data/selected/landmarks/form/23053_aug_4_aug_9_aug_14_aug_19_scale_rotate.npy,33,True
23042_aug_0_aug_5_aug_10_aug_15_aug_20,form,wlasl_37,WLASL_AUG_AUG_AUG_AUG_AUG,test,data/selected/landmarks/form/23042_aug_0_aug_5_aug_10_aug_15_aug_20_speed_fast.npy,39,True
23043_aug_1_aug_6_aug_11_aug_16_aug_21,form,wlasl_32,WLASL_AUG_AUG_AUG_AUG_AUG,train,data/selected/landmarks/form/23043_aug_1_aug_6_aug_11_aug_16_aug_21_speed_slow.npy,31,True
23045_aug_2_aug_7_aug_12_aug_17_aug_22,form,wlasl_21,WLASL_AUG_AUG_AUG_AUG_AUG,val,data/selected/landmarks/form/23045_aug_2_aug_7_aug_12_aug_17_aug_22_jitter.npy,40,True
27207,help,wlasl_4,WLASL,train,data/selected/landmarks/help/27207_orig.npy,47,False
27194,help,wlasl_9,WLASL,test,data/selected/landmarks/help/27194_orig.npy,47,False
27206,help,wlasl_36,WLASL,train,data/selected/landmarks/help/27206_orig.npy,43,False
27209,help,wlasl_17,WLASL,test,data/selected/landmarks/help/27209_orig.npy,48,False
27194_aug_0,help,wlasl_9,WLASL_AUG,test,data/selected/landmarks/help/27194_aug_0_speed_fast.npy,39,True
27206_aug_1,help,wlasl_36,WLASL_AUG,train,data/selected/landmarks/help/27206_aug_1_speed_slow.npy,49,True
27207_aug_2,help,wlasl_4,WLASL_AUG,train,data/selected/landmarks/help/27207_aug_2_jitter.npy,47,True
27208_aug_3,help,wlasl_21,WLASL_AUG,train,data/selected/landmarks/help/27208_aug_3_scale_rotate.npy,45,True
27209_aug_4,help,wlasl_17,WLASL_AUG,test,data/selected/landmarks/help/27209_aug_4_speed_fast.npy,40,True
69364_aug_5,help,wlasl_115,WLASL_AUG,val,data/selected/landmarks/help/69364_aug_5_speed_slow.npy,65,True
27194_aug_0_aug_6,help,wlasl_9,WLASL_AUG_AUG,test,data/selected/landmarks/help/27194_aug_0_aug_6_jitter.npy,39,True
27206_aug_1_aug_7,help,wlasl_36,WLASL_AUG_AUG,train,data/selected/landmarks/help/27206_aug_1_aug_7_scale_rotate.npy,49,True
27207_aug_2_aug_8,help,wlasl_4,WLASL_AUG_AUG,train,data/selected/landmarks/help/27207_aug_2_aug_8_speed_fast.npy,39,True
27208_aug_3_aug_9,help,wlasl_21,WLASL_AUG_AUG,train,data/selected/landmarks/help/27208_aug_3_aug_9_speed_slow.npy,51,True
27209_aug_4_aug_10,help,wlasl_17,WLASL_AUG_AUG,test,data/selected/landmarks/help/27209_aug_4_aug_10_jitter.npy,40,True
69364_aug_5_aug_11,help,wlasl_115,WLASL_AUG_AUG,val,data/selected/landmarks/help/69364_aug_5_aug_11_scale_rotate.npy,65,True
27194_aug_0_aug_6_aug_12,help,wlasl_9,WLASL_AUG_AUG_AUG,test,data/selected/landmarks/help/27194_aug_0_aug_6_aug_12_speed_fast.npy,33,True
27206_aug_1_aug_7_aug_13,help,wlasl_36,WLASL_AUG_AUG_AUG,train,data/selected/landmarks/help/27206_aug_1_aug_7_aug_13_speed_slow.npy,56,True
27207_aug_2_aug_8_aug_14,help,wlasl_4,WLASL_AUG_AUG_AUG,train,data/selected/landmarks/help/27207_aug_2_aug_8_aug_14_jitter.npy,39,True
27208_aug_3_aug_9_aug_15,help,wlasl_21,WLASL_AUG_AUG_AUG,train,data/selected/landmarks/help/27208_aug_3_aug_9_aug_15_scale_rotate.npy,51,True
27209_aug_4_aug_10_aug_16,help,wlasl_17,WLASL_AUG_AUG_AUG,test,data/selected/landmarks/help/27209_aug_4_aug_10_aug_16_speed_fast.npy,34,True
69364_aug_5_aug_11_aug_17,help,wlasl_115,WLASL_AUG_AUG_AUG,val,data/selected/landmarks/help/69364_aug_5_aug_11_aug_17_speed_slow.npy,74,True
27194_aug_0_aug_6_aug_12_aug_18,help,wlasl_9,WLASL_AUG_AUG_AUG_AUG,test,data/selected/landmarks/help/27194_aug_0_aug_6_aug_12_aug_18_jitter.npy,33,True
27206_aug_1_aug_7_aug_13_aug_19,help,wlasl_36,WLASL_AUG_AUG_AUG_AUG,train,data/selected/landmarks/help/27206_aug_1_aug_7_aug_13_aug_19_scale_rotate.npy,56,True
27207_aug_2_aug_8_aug_14_aug_20,help,wlasl_4,WLASL_AUG_AUG_AUG_AUG,train,data/selected/landmarks/help/27207_aug_2_aug_8_aug_14_aug_20_speed_fast.npy,33,True
27208_aug_3_aug_9_aug_15_aug_21,help,wlasl_21,WLASL_AUG_AUG_AUG_AUG,train,data/selected/landmarks/help/27208_aug_3_aug_9_aug_15_aug_21_speed_slow.npy,58,True
68072,here,wlasl_109,WLASL,train,data/selected/landmarks/here/68072_orig.npy,44,False
27269,here,wlasl_5,WLASL,train,data/selected/landmarks/here/27269_orig.npy,80,False
27254,here,wlasl_9,WLASL,val,data/selected/landmarks/here/27254_orig.npy,50,False
27271,here,wlasl_5,WLASL,train,data/selected/landmarks/here/27271_orig.npy,68,False
27263,here,wlasl_38,WLASL,test,data/selected/landmarks/here/27263_orig.npy,42,False
27264,here,wlasl_3,WLASL,train,data/selected/landmarks/here/27264_orig.npy,60,False
27254_aug_0,here,wlasl_9,WLASL_AUG,val,data/selected/landmarks/here/27254_aug_0_speed_fast.npy,42,True
27263_aug_1,here,wlasl_38,WLASL_AUG,test,data/selected/landmarks/here/27263_aug_1_speed_slow.npy,48,True
27264_aug_2,here,wlasl_3,WLASL_AUG,train,data/selected/landmarks/here/27264_aug_2_jitter.npy,60,True
27265_aug_3,here,wlasl_21,WLASL_AUG,train,data/selected/landmarks/here/27265_aug_3_scale_rotate.npy,45,True
27269_aug_4,here,wlasl_5,WLASL_AUG,train,data/selected/landmarks/here/27269_aug_4_speed_fast.npy,68,True
27271_aug_5,here,wlasl_5,WLASL_AUG,train,data/selected/landmarks/here/27271_aug_5_speed_slow.npy,78,True
68072_aug_6,here,wlasl_109,WLASL_AUG,train,data/selected/landmarks/here/68072_aug_6_jitter.npy,44,True
69365_aug_7,here,wlasl_115,WLASL_AUG,train,data/selected/landmarks/here/69365_aug_7_scale_rotate.npy,73,True
27254_aug_0_aug_8,here,wlasl_9,WLASL_AUG_AUG,val,data/selected/landmarks/here/27254_aug_0_aug_8_speed_fast.npy,35,True
27263_aug_1_aug_9,here,wlasl_38,WLASL_AUG_AUG,test,data/selected/landmarks/here/27263_aug_1_aug_9_speed_slow.npy,55,True
27264_aug_2_aug_10,here,wlasl_3,WLASL_AUG_AUG,train,data/selected/landmarks/here/27264_aug_2_aug_10_jitter.npy,60,True
27265_aug_3_aug_11,here,wlasl_21,WLASL_AUG_AUG,train,data/selected/landmarks/here/27265_aug_3_aug_11_scale_rotate.npy,45,True
27269_aug_4_aug_12,here,wlasl_5,WLASL_AUG_AUG,train,data/selected/landmarks/here/27269_aug_4_aug_12_speed_fast.npy,57,True
27271_aug_5_aug_13,here,wlasl_5,WLASL_AUG_AUG,train,data/selected/landmarks/here/27271_aug_5_aug_13_speed_slow.npy,85,True
68072_aug_6_aug_14,here,wlasl_109,WLASL_AUG_AUG,train,data/selected/landmarks/here/68072_aug_6_aug_14_jitter.npy,44,True
69365_aug_7_aug_15,here,wlasl_115,WLASL_AUG_AUG,train,data/selected/landmarks/here/69365_aug_7_aug_15_scale_rotate.npy,73,True
27254_aug_0_aug_8_aug_16,here,wlasl_9,WLASL_AUG_AUG_AUG,val,data/selected/landmarks/here/27254_aug_0_aug_8_aug_16_speed_fast.npy,29,True
27263_aug_1_aug_9_aug_17,here,wlasl_38,WLASL_AUG_AUG_AUG,test,data/selected/landmarks/here/27263_aug_1_aug_9_aug_17_speed_slow.npy,63,True
27264_aug_2_aug_10_aug_18,here,wlasl_3,WLASL_AUG_AUG_AUG,train,data/selected/landmarks/here/27264_aug_2_aug_10_aug_18_jitter.npy,60,True
27265_aug_3_aug_11_aug_19,here,wlasl_21,WLASL_AUG_AUG_AUG,train,data/selected/landmarks/here/27265_aug_3_aug_11_aug_19_scale_rotate.npy,45,True
36658,money,wlasl_5,WLASL,test,data/selected/landmarks/money/36658_orig.npy,56,False
36645,money,wlasl_9,WLASL,train,data/selected/landmarks/money/36645_orig.npy,50,False
36648,money,wlasl_56,WLASL,test,data/selected/landmarks/money/36648_orig.npy,29,False
36651,money,wlasl_32,WLASL,val,data/selected/landmarks/money/36651_orig.npy,29,False
36657,money,wlasl_5,WLASL,train,data/selected/landmarks/money/36657_orig.npy,64,False
36645_aug_0,money,wlasl_9,WLASL_AUG,train,data/selected/landmarks/money/36645_aug_0_speed_fast.npy,42,True
36648_aug_1,money,wlasl_56,WLASL_AUG,test,data/selected/landmarks/money/36648_aug_1_speed_slow.npy,33,True
36651_aug_2,money,wlasl_32,WLASL_AUG,val,data/selected/landmarks/money/36651_aug_2_jitter.npy,29,True
36652_aug_3,money,wlasl_13,WLASL_AUG,train,data/selected/landmarks/money/36652_aug_3_scale_rotate.npy,72,True
36657_aug_4,money,wlasl_5,WLASL_AUG,train,data/selected/landmarks/money/36657_aug_4_speed_fast.npy,54,True
36658_aug_5,money,wlasl_5,WLASL_AUG,test,data/selected/landmarks/money/36658_aug_5_speed_slow.npy,64,True
70075_aug_6,money,wlasl_121,WLASL_AUG,train,data/selected/landmarks/money/70075_aug_6_jitter.npy,40,True
36645_aug_0_aug_7,money,wlasl_9,WLASL_AUG_AUG,train,data/selected/landmarks/money/36645_aug_0_aug_7_scale_rotate.npy,42,True
36648_aug_1_aug_8,money,wlasl_56,WLASL_AUG_AUG,test,data/selected/landmarks/money/36648_aug_1_aug_8_speed_fast.npy,28,True
36651_aug_2_aug_9,money,wlasl_32,WLASL_AUG_AUG,val,data/selected/landmarks/money/36651_aug_2_aug_9_speed_slow.npy,33,True
36652_aug_3_aug_10,money,wlasl_13,WLASL_AUG_AUG,train,data/selected/landmarks/money/36652_aug_3_aug_10_jitter.npy,72,True
36657_aug_4_aug_11,money,wlasl_5,WLASL_AUG_AUG,train,data/selected/landmarks/money/36657_aug_4_aug_11_scale_rotate.npy,54,True
36658_aug_5_aug_12,money,wlasl_5,WLASL_AUG_AUG,test,data/selected/landmarks/money/36658_aug_5_aug_12_speed_fast.npy,54,True
70075_aug_6_aug_13,money,wlasl_121,WLASL_AUG_AUG,train,data/selected/landmarks/money/70075_aug_6_aug_13_speed_slow.npy,46,True
36645_aug_0_aug_7_aug_14,money,wlasl_9,WLASL_AUG_AUG_AUG,train,data/selected/landmarks/money/36645_aug_0_aug_7_aug_14_jitter.npy,42,True
36648_aug_1_aug_8_aug_15,money,wlasl_56,WLASL_AUG_AUG_AUG,test,data/selected/landmarks/money/36648_aug_1_aug_8_aug_15_scale_rotate.npy,28,True
36651_aug_2_aug_9_aug_16,money,wlasl_32,WLASL_AUG_AUG_AUG,val,data/selected/landmarks/money/36651_aug_2_aug_9_aug_16_speed_fast.npy,28,True
36652_aug_3_aug_10_aug_17,money,wlasl_13,WLASL_AUG_AUG_AUG,train,data/selected/landmarks/money/36652_aug_3_aug_10_aug_17_speed_slow.npy,82,True
36657_aug_4_aug_11_aug_18,money,wlasl_5,WLASL_AUG_AUG_AUG,train,data/selected/landmarks/money/36657_aug_4_aug_11_aug_18_jitter.npy,54,True
36658_aug_5_aug_12_aug_19,money,wlasl_5,WLASL_AUG_AUG_AUG,test,data/selected/landmarks/money/36658_aug_5_aug_12_aug_19_scale_rotate.npy,54,True
70075_aug_6_aug_13_aug_20,money,wlasl_121,WLASL_AUG_AUG_AUG,train,data/selected/landmarks/money/70075_aug_6_aug_13_aug_20_speed_fast.npy,39,True
36830,more,wlasl_13,WLASL,val,data/selected/landmarks/more/36830_orig.npy,41,False
70222,more,wlasl_121,WLASL,train,data/selected/landmarks/more/70222_orig.npy,23,False
36827,more,wlasl_2,WLASL,train,data/selected/landmarks/more/36827_orig.npy,56,False
36829,more,wlasl_52,WLASL,train,data/selected/landmarks/more/36829_orig.npy,45,False
36838,more,wlasl_5,WLASL,test,data/selected/landmarks/more/36838_orig.npy,91,False
36826,more,wlasl_9,WLASL,val,data/selected/landmarks/more/36826_orig.npy,47,False
36826_aug_0,more,wlasl_9,WLASL_AUG,val,data/selected/landmarks/more/36826_aug_0_speed_fast.npy,39,True
36827_aug_1,more,wlasl_2,WLASL_AUG,train,data/selected/landmarks/more/36827_aug_1_speed_slow.npy,64,True
36828_aug_2,more,wlasl_36,WLASL_AUG,train,data/selected/landmarks/more/36828_aug_2_jitter.npy,33,True
36829_aug_3,more,wlasl_52,WLASL_AUG,train,data/selected/landmarks/more/36829_aug_3_scale_rotate.npy,45,True
36830_aug_4,more,wlasl_13,WLASL_AUG,val,data/selected/landmarks/more/36830_aug_4_speed_fast.npy,34,True
36837_aug_5,more,wlasl_64,WLASL_AUG,train,data/selected/landmarks/more/36837_aug_5_speed_slow.npy,85,True
36838_aug_6,more,wlasl_5,WLASL_AUG,test,data/selected/landmarks/more/36838_aug_6_jitter.npy,91,True
70222_aug_7,more,wlasl_121,WLASL_AUG,train,data/selected/landmarks/more/70222_aug_7_scale_rotate.npy,23,True
36826_aug_0_aug_8,more,wlasl_9,WLASL_AUG_AUG,val,data/selected/landmarks/more/36826_aug_0_aug_8_speed_fast.npy,33,True
36827_aug_1_aug_9,more,wlasl_2,WLASL_AUG_AUG,train,data/selected/landmarks/more/36827_aug_1_aug_9_speed_slow.npy,73,True
36828_aug_2_aug_10,more,wlasl_36,WLASL_AUG_AUG,train,data/selected/landmarks/more/36828_aug_2_aug_10_jitter.npy,33,True
36829_aug_3_aug_11,more,wlasl_52,WLASL_AUG_AUG,train,data/selected/landmarks/more/36829_aug_3_aug_11_scale_rotate.npy,45,True
36830_aug_4_aug_12,more,wlasl_13,WLASL_AUG_AUG,val,data/selected/landmarks/more/36830_aug_4_aug_12_speed_fast.npy,28,True
36837_aug_5_aug_13,more,wlasl_64,WLASL_AUG_AUG,train,data/selected/landmarks/more/36837_aug_5_aug_13_speed_slow.npy,85,True
36838_aug_6_aug_14,more,wlasl_5,WLASL_AUG_AUG,test,data/selected/landmarks/more/36838_aug_6_aug_14_jitter.npy,91,True
70222_aug_7_aug_15,more,wlasl_121,WLASL_AUG_AUG,train,data/selected/landmarks/more/70222_aug_7_aug_15_scale_rotate.npy,23,True
36826_aug_0_aug_8_aug_16,more,wlasl_9,WLASL_AUG_AUG_AUG,val,data/selected/landmarks/more/36826_aug_0_aug_8_aug_16_speed_fast.npy,28,True
36827_aug_1_aug_9_aug_17,more,wlasl_2,WLASL_AUG_AUG_AUG,train,data/selected/landmarks/more/36827_aug_1_aug_9_aug_17_speed_slow.npy,83,True
36828_aug_2_aug_10_aug_18,more,wlasl_36,WLASL_AUG_AUG_AUG,train,data/selected/landmarks/more/36828_aug_2_aug_10_aug_18_jitter.npy,33,True
36829_aug_3_aug_11_aug_19,more,wlasl_52,WLASL_AUG_AUG_AUG,train,data/selected/landmarks/more/36829_aug_3_aug_11_aug_19_scale_rotate.npy,45,True
37581,name,wlasl_32,WLASL,train,data/selected/landmarks/name/37581_orig.npy,31,False
37580,name,wlasl_56,WLASL,val,data/selected/landmarks/name/37580_orig.npy,29,False
37587,name,wlasl_5,WLASL,train,data/selected/landmarks/name/37587_orig.npy,38,False
37575,name,wlasl_9,WLASL,test,data/selected/landmarks/name/37575_orig.npy,43,False
37582,name,wlasl_13,WLASL,train,data/selected/landmarks/name/37582_orig.npy,58,False
68106,name,wlasl_111,WLASL,train,data/selected/landmarks/name/68106_orig.npy,46,False
37575_aug_0,name,wlasl_9,WLASL_AUG,test,data/selected/landmarks/name/37575_aug_0_speed_fast.npy,36,True
37580_aug_1,name,wlasl_56,WLASL_AUG,val,data/selected/landmarks/name/37580_aug_1_speed_slow.npy,33,True
37581_aug_2,name,wlasl_32,WLASL_AUG,train,data/selected/landmarks/name/37581_aug_2_jitter.npy,31,True
37582_aug_3,name,wlasl_13,WLASL_AUG,train,data/selected/landmarks/name/37582_aug_3_scale_rotate.npy,58,True
37587_aug_4,name,wlasl_5,WLASL_AUG,train,data/selected/landmarks/name/37587_aug_4_speed_fast.npy,32,True
37588_aug_5,name,wlasl_5,WLASL_AUG,val,data/selected/landmarks/name/37588_aug_5_speed_slow.npy,54,True
68106_aug_6,name,wlasl_111,WLASL_AUG,train,data/selected/landmarks/name/68106_aug_6_jitter.npy,46,True
69405_aug_7,name,wlasl_118,WLASL_AUG,test,data/selected/landmarks/name/69405_aug_7_scale_rotate.npy,45,True
37575_aug_0_aug_8,name,wlasl_9,WLASL_AUG_AUG,test,data/selected/landmarks/name/37575_aug_0_aug_8_speed_fast.npy,30,True
37580_aug_1_aug_9,name,wlasl_56,WLASL_AUG_AUG,val,data/selected/landmarks/name/37580_aug_1_aug_9_speed_slow.npy,37,True
37581_aug_2_aug_10,name,wlasl_32,WLASL_AUG_AUG,train,data/selected/landmarks/name/37581_aug_2_aug_10_jitter.npy,31,True
37582_aug_3_aug_11,name,wlasl_13,WLASL_AUG_AUG,train,data/selected/landmarks/name/37582_aug_3_aug_11_scale_rotate.npy,58,True
37587_aug_4_aug_12,name,wlasl_5,WLASL_AUG_AUG,train,data/selected/landmarks/name/37587_aug_4_aug_12_speed_fast.npy,27,True
37588_aug_5_aug_13,name,wlasl_5,WLASL_AUG_AUG,val,data/selected/landmarks/name/37588_aug_5_aug_13_speed_slow.npy,62,True
68106_aug_6_aug_14,name,wlasl_111,WLASL_AUG_AUG,train,data/selected/landmarks/name/68106_aug_6_aug_14_jitter.npy,46,True
69405_aug_7_aug_15,name,wlasl_118,WLASL_AUG_AUG,test,data/selected/landmarks/name/69405_aug_7_aug_15_scale_rotate.npy,45,True
37575_aug_0_aug_8_aug_16,name,wlasl_9,WLASL_AUG_AUG_AUG,test,data/selected/landmarks/name/37575_aug_0_aug_8_aug_16_speed_fast.npy,25,True
37580_aug_1_aug_9_aug_17,name,wlasl_56,WLASL_AUG_AUG_AUG,val,data/selected/landmarks/name/37580_aug_1_aug_9_aug_17_speed_slow.npy,42,True
37581_aug_2_aug_10_aug_18,name,wlasl_32,WLASL_AUG_AUG_AUG,train,data/selected/landmarks/name/37581_aug_2_aug_10_aug_18_jitter.npy,31,True
37582_aug_3_aug_11_aug_19,name,wlasl_13,WLASL_AUG_AUG_AUG,train,data/selected/landmarks/name/37582_aug_3_aug_11_aug_19_scale_rotate.npy,58,True
38527,no,wlasl_3,WLASL,train,data/selected/landmarks/no/38527_orig.npy,33,False
38530,no,wlasl_15,WLASL,train,data/selected/landmarks/no/38530_orig.npy,42,False
38539,no,wlasl_47,WLASL,train,data/selected/landmarks/no/38539_orig.npy,33,False
38529,no,wlasl_13,WLASL,train,data/selected/landmarks/no/38529_orig.npy,80,False
38540,no,wlasl_5,WLASL,train,data/selected/landmarks/no/38540_orig.npy,66,False
69411,no,wlasl_118,WLASL,val,data/selected/landmarks/no/69411_orig.npy,46,False
68110,no,wlasl_109,WLASL,val,data/selected/landmarks/no/68110_orig.npy,78,False
38482_aug_0,no,wlasl_9,WLASL_AUG,test,data/selected/landmarks/no/38482_aug_0_speed_fast.npy,68,True
38527_aug_1,no,wlasl_3,WLASL_AUG,train,data/selected/landmarks/no/38527_aug_1_speed_slow.npy,37,True
38529_aug_2,no,wlasl_13,WLASL_AUG,train,data/selected/landmarks/no/38529_aug_2_jitter.npy,80,True
38530_aug_3,no,wlasl_15,WLASL_AUG,train,data/selected/landmarks/no/38530_aug_3_scale_rotate.npy,42,True
38539_aug_4,no,wlasl_47,WLASL_AUG,train,data/selected/landmarks/no/38539_aug_4_speed_fast.npy,28,True
38540_aug_5,no,wlasl_5,WLASL_AUG,train,data/selected/landmarks/no/38540_aug_5_speed_slow.npy,75,True
38541_aug_6,no,wlasl_5,WLASL_AUG,train,data/selected/landmarks/no/38541_aug_6_jitter.npy,56,True
68110_aug_7,no,wlasl_109,WLASL_AUG,val,data/selected/landmarks/no/68110_aug_7_scale_rotate.npy,78,True
69411_aug_8,no,wlasl_118,WLASL_AUG,val,data/selected/landmarks/no/69411_aug_8_speed_fast.npy,39,True
38482_aug_0_aug_9,no,wlasl_9,WLASL_AUG_AUG,test,data/selected/landmarks/no/38482_aug_0_aug_9_speed_slow.npy,78,True
38527_aug_1_aug_10,no,wlasl_3,WLASL_AUG_AUG,train,data/selected/landmarks/no/38527_aug_1_aug_10_jitter.npy,37,True
38529_aug_2_aug_11,no,wlasl_13,WLASL_AUG_AUG,train,data/selected/landmarks/no/38529_aug_2_aug_11_scale_rotate.npy,80,True
38530_aug_3_aug_12,no,wlasl_15,WLASL_AUG_AUG,train,data/selected/landmarks/no/38530_aug_3_aug_12_speed_fast.npy,35,True
38539_aug_4_aug_13,no,wlasl_47,WLASL_AUG_AUG,train,data/selected/landmarks/no/38539_aug_4_aug_13_speed_slow.npy,32,True
38540_aug_5_aug_14,no,wlasl_5,WLASL_AUG_AUG,train,data/selected/landmarks/no/38540_aug_5_aug_14_jitter.npy,75,True
38541_aug_6_aug_15,no,wlasl_5,WLASL_AUG_AUG,train,data/selected/landmarks/no/38541_aug_6_aug_15_scale_rotate.npy,56,True
68110_aug_7_aug_16,no,wlasl_109,WLASL_AUG_AUG,val,data/selected/landmarks/no/68110_aug_7_aug_16_speed_fast.npy,66,True
69411_aug_8_aug_17,no,wlasl_118,WLASL_AUG_AUG,val,data/selected/landmarks/no/69411_aug_8_aug_17_speed_slow.npy,44,True
38482_aug_0_aug_9_aug_18,no,wlasl_9,WLASL_AUG_AUG_AUG,test,data/selected/landmarks/no/38482_aug_0_aug_9_aug_18_jitter.npy,78,True
68114,now,wlasl_109,WLASL,train,data/selected/landmarks/now/68114_orig.npy,58,False
38982,now,wlasl_9,WLASL,test,data/selected/landmarks/now/38982_orig.npy,30,False
39004,now,wlasl_5,WLASL,train,data/selected/landmarks/now/39004_orig.npy,53,False
38990,now,wlasl_2,WLASL,train,data/selected/landmarks/now/38990_orig.npy,43,False
38994,now,wlasl_70,WLASL,val,data/selected/landmarks/now/38994_orig.npy,33,False
39003,now,wlasl_5,WLASL,train,data/selected/landmarks/now/39003_orig.npy,54,False
39002,now,wlasl_5,WLASL,train,data/selected/landmarks/now/39002_orig.npy,62,False
38982_aug_0,now,wlasl_9,WLASL_AUG,test,data/selected/landmarks/now/38982_aug_0_speed_fast.npy,25,True
38990_aug_1,now,wlasl_2,WLASL_AUG,train,data/selected/landmarks/now/38990_aug_1_speed_slow.npy,49,True
38994_aug_2,now,wlasl_70,WLASL_AUG,val,data/selected/landmarks/now/38994_aug_2_jitter.npy,33,True
39001_aug_3,now,wlasl_5,WLASL_AUG,train,data/selected/landmarks/now/39001_aug_3_scale_rotate.npy,62,True
39002_aug_4,now,wlasl_5,WLASL_AUG,train,data/selected/landmarks/now/39002_aug_4_speed_fast.npy,52,True
39003_aug_5,now,wlasl_5,WLASL_AUG,train,data/selected/landmarks/now/39003_aug_5_speed_slow.npy,62,True
39004_aug_6,now,wlasl_5,WLASL_AUG,train,data/selected/landmarks/now/39004_aug_6_jitter.npy,53,True
68114_aug_7,now,wlasl_109,WLASL_AUG,train,data/selected/landmarks/now/68114_aug_7_scale_rotate.npy,58,True
70345_aug_8,now,wlasl_121,WLASL_AUG,train,data/selected/landmarks/now/70345_aug_8_speed_fast.npy,9,True
38982_aug_0_aug_9,now,wlasl_9,WLASL_AUG_AUG,test,data/selected/landmarks/now/38982_aug_0_aug_9_speed_slow.npy,28,True
38990_aug_1_aug_10,now,wlasl_2,WLASL_AUG_AUG,train,data/selected/landmarks/now/38990_aug_1_aug_10_jitter.npy,49,True
38994_aug_2_aug_11,now,wlasl_70,WLASL_AUG_AUG,val,data/selected/landmarks/now/38994_aug_2_aug_11_scale_rotate.npy,33,True
39001_aug_3_aug_12,now,wlasl_5,WLASL_AUG_AUG,train,data/selected/landmarks/now/39001_aug_3_aug_12_speed_fast.npy,52,True
39002_aug_4_aug_13,now,wlasl_5,WLASL_AUG_AUG,train,data/selected/landmarks/now/39002_aug_4_aug_13_speed_slow.npy,59,True
39003_aug_5_aug_14,now,wlasl_5,WLASL_AUG_AUG,train,data/selected/landmarks/now/39003_aug_5_aug_14_jitter.npy,62,True
39004_aug_6_aug_15,now,wlasl_5,WLASL_AUG_AUG,train,data/selected/landmarks/now/39004_aug_6_aug_15_scale_rotate.npy,53,True
68114_aug_7_aug_16,now,wlasl_109,WLASL_AUG_AUG,train,data/selected/landmarks/now/68114_aug_7_aug_16_speed_fast.npy,49,True
70345_aug_8_aug_17,now,wlasl_121,WLASL_AUG_AUG,train,data/selected/landmarks/now/70345_aug_8_aug_17_speed_slow.npy,10,True
38982_aug_0_aug_9_aug_18,now,wlasl_9,WLASL_AUG_AUG_AUG,test,data/selected/landmarks/now/38982_aug_0_aug_9_aug_18_jitter.npy,28,True
40802,pain,wlasl_0,WLASL,train,data/selected/landmarks/pain/40802_orig.npy,35,False
40797,pain,wlasl_9,WLASL,train,data/selected/landmarks/pain/40797_orig.npy,77,False
40797_aug_0,pain,wlasl_9,WLASL_AUG,train,data/selected/landmarks/pain/40797_aug_0_speed_fast.npy,65,True
40802_aug_1,pain,wlasl_0,WLASL_AUG,train,data/selected/landmarks/pain/40802_aug_1_speed_slow.npy,40,True
40803_aug_2,pain,wlasl_13,WLASL_AUG,train,data/selected/landmarks/pain/40803_aug_2_jitter.npy,66,True
40808_aug_3,pain,wlasl_5,WLASL_AUG,test,data/selected/landmarks/pain/40808_aug_3_scale_rotate.npy,63,True
40797_aug_0_aug_4,pain,wlasl_9,WLASL_AUG_AUG,train,data/selected/landmarks/pain/40797_aug_0_aug_4_speed_fast.npy,55,True
40802_aug_1_aug_5,pain,wlasl_0,WLASL_AUG_AUG,train,data/selected/landmarks/pain/40802_aug_1_aug_5_speed_slow.npy,46,True
40803_aug_2_aug_6,pain,wlasl_13,WLASL_AUG_AUG,train,data/selected/landmarks/pain/40803_aug_2_aug_6_jitter.npy,66,True
40808_aug_3_aug_7,pain,wlasl_5,WLASL_AUG_AUG,test,data/selected/landmarks/pain/40808_aug_3_aug_7_scale_rotate.npy,63,True
40797_aug_0_aug_4_aug_8,pain,wlasl_9,WLASL_AUG_AUG_AUG,train,data/selected/landmarks/pain/40797_aug_0_aug_4_aug_8_speed_fast.npy,46,True
40802_aug_1_aug_5_aug_9,pain,wlasl_0,WLASL_AUG_AUG_AUG,train,data/selected/landmarks/pain/40802_aug_1_aug_5_aug_9_speed_slow.npy,52,True
40803_aug_2_aug_6_aug_10,pain,wlasl_13,WLASL_AUG_AUG_AUG,train,data/selected/landmarks/pain/40803_aug_2_aug_6_aug_10_jitter.npy,66,True
40808_aug_3_aug_7_aug_11,pain,wlasl_5,WLASL_AUG_AUG_AUG,test,data/selected/landmarks/pain/40808_aug_3_aug_7_aug_11_scale_rotate.npy,63,True
40797_aug_0_aug_4_aug_8_aug_12,pain,wlasl_9,WLASL_AUG_AUG_AUG_AUG,train,data/selected/landmarks/pain/40797_aug_0_aug_4_aug_8_aug_12_speed_fast.npy,39,True
40802_aug_1_aug_5_aug_9_aug_13,pain,wlasl_0,WLASL_AUG_AUG_AUG_AUG,train,data/selected/landmarks/pain/40802_aug_1_aug_5_aug_9_aug_13_speed_slow.npy,59,True
40803_aug_2_aug_6_aug_10_aug_14,pain,wlasl_13,WLASL_AUG_AUG_AUG_AUG,train,data/selected/landmarks/pain/40803_aug_2_aug_6_aug_10_aug_14_jitter.npy,66,True
40808_aug_3_aug_7_aug_11_aug_15,pain,wlasl_5,WLASL_AUG_AUG_AUG_AUG,test,data/selected/landmarks/pain/40808_aug_3_aug_7_aug_11_aug_15_scale_rotate.npy,63,True
40797_aug_0_aug_4_aug_8_aug_12_aug_16,pain,wlasl_9,WLASL_AUG_AUG_AUG_AUG_AUG,train,data/selected/landmarks/pain/40797_aug_0_aug_4_aug_8_aug_12_aug_16_speed_fast.npy,33,True
40802_aug_1_aug_5_aug_9_aug_13_aug_17,pain,wlasl_0,WLASL_AUG_AUG_AUG_AUG_AUG,train,data/selected/landmarks/pain/40802_aug_1_aug_5_aug_9_aug_13_aug_17_speed_slow.npy,67,True
40803_aug_2_aug_6_aug_10_aug_14_aug_18,pain,wlasl_13,WLASL_AUG_AUG_AUG_AUG_AUG,train,data/selected/landmarks/pain/40803_aug_2_aug_6_aug_10_aug_14_aug_18_jitter.npy,66,True
40808_aug_3_aug_7_aug_11_aug_15_aug_19,pain,wlasl_5,WLASL_AUG_AUG_AUG_AUG_AUG,test,data/selected/landmarks/pain/40808_aug_3_aug_7_aug_11_aug_15_aug_19_scale_rotate.npy,63,True
40797_aug_0_aug_4_aug_8_aug_12_aug_16_aug_20,pain,wlasl_9,WLASL_AUG_AUG_AUG_AUG_AUG_AUG,train,data/selected/landmarks/pain/40797_aug_0_aug_4_aug_8_aug_12_aug_16_aug_20_speed_fast.npy,28,True
40802_aug_1_aug_5_aug_9_aug_13_aug_17_aug_21,pain,wlasl_0,WLASL_AUG_AUG_AUG_AUG_AUG_AUG,train,data/selected/landmarks/pain/40802_aug_1_aug_5_aug_9_aug_13_aug_17_aug_21_speed_slow.npy,77,True
40803_aug_2_aug_6_aug_10_aug_14_aug_18_aug_22,pain,wlasl_13,WLASL_AUG_AUG_AUG_AUG_AUG_AUG,train,data/selected/landmarks/pain/40803_aug_2_aug_6_aug_10_aug_14_aug_18_aug_22_jitter.npy,66,True
40808_aug_3_aug_7_aug_11_aug_15_aug_19_aug_23,pain,wlasl_5,WLASL_AUG_AUG_AUG_AUG_AUG_AUG,test,data/selected/landmarks/pain/40808_aug_3_aug_7_aug_11_aug_15_aug_19_aug_23_scale_rotate.npy,63,True
43217,please,wlasl_36,WLASL,train,data/selected/landmarks/please/43217_orig.npy,46,False
43218,please,wlasl_3,WLASL,train,data/selected/landmarks/please/43218_orig.npy,42,False
43219,please,wlasl_13,WLASL,test,data/selected/landmarks/please/43219_orig.npy,68,False
69434,please,wlasl_115,WLASL,train,data/selected/landmarks/please/69434_orig.npy,74,False
43217_aug_0,please,wlasl_36,WLASL_AUG,train,data/selected/landmarks/please/43217_aug_0_speed_fast.npy,39,True
43218_aug_1,please,wlasl_3,WLASL_AUG,train,data/selected/landmarks/please/43218_aug_1_speed_slow.npy,48,True
43219_aug_2,please,wlasl_13,WLASL_AUG,test,data/selected/landmarks/please/43219_aug_2_jitter.npy,68,True
43220_aug_3,please,wlasl_15,WLASL_AUG,val,data/selected/landmarks/please/43220_aug_3_scale_rotate.npy,54,True
43224_aug_4,please,wlasl_5,WLASL_AUG,train,data/selected/landmarks/please/43224_aug_4_speed_fast.npy,36,True
69434_aug_5,please,wlasl_115,WLASL_AUG,train,data/selected/landmarks/please/69434_aug_5_speed_slow.npy,85,True
43217_aug_0_aug_6,please,wlasl_36,WLASL_AUG_AUG,train,data/selected/landmarks/please/43217_aug_0_aug_6_jitter.npy,39,True
43218_aug_1_aug_7,please,wlasl_3,WLASL_AUG_AUG,train,data/selected/landmarks/please/43218_aug_1_aug_7_scale_rotate.npy,48,True
43219_aug_2_aug_8,please,wlasl_13,WLASL_AUG_AUG,test,data/selected/landmarks/please/43219_aug_2_aug_8_speed_fast.npy,57,True
43220_aug_3_aug_9,please,wlasl_15,WLASL_AUG_AUG,val,data/selected/landmarks/please/43220_aug_3_aug_9_speed_slow.npy,62,True
43224_aug_4_aug_10,please,wlasl_5,WLASL_AUG_AUG,train,data/selected/landmarks/please/43224_aug_4_aug_10_jitter.npy,36,True
69434_aug_5_aug_11,please,wlasl_115,WLASL_AUG_AUG,train,data/selected/landmarks/please/69434_aug_5_aug_11_scale_rotate.npy,85,True
43217_aug_0_aug_6_aug_12,please,wlasl_36,WLASL_AUG_AUG_AUG,train,data/selected/landmarks/please/43217_aug_0_aug_6_aug_12_speed_fast.npy,33,True
43218_aug_1_aug_7_aug_13,please,wlasl_3,WLASL_AUG_AUG_AUG,train,data/selected/landmarks/please/43218_aug_1_aug_7_aug_13_speed_slow.npy,55,True
43219_aug_2_aug_8_aug_14,please,wlasl_13,WLASL_AUG_AUG_AUG,test,data/selected/landmarks/please/43219_aug_2_aug_8_aug_14_jitter.npy,57,True
43220_aug_3_aug_9_aug_15,please,wlasl_15,WLASL_AUG_AUG_AUG,val,data/selected/landmarks/please/43220_aug_3_aug_9_aug_15_scale_rotate.npy,62,True
43224_aug_4_aug_10_aug_16,please,wlasl_5,WLASL_AUG_AUG_AUG,train,data/selected/landmarks/please/43224_aug_4_aug_10_aug_16_speed_fast.npy,30,True
69434_aug_5_aug_11_aug_17,please,wlasl_115,WLASL_AUG_AUG_AUG,train,data/selected/landmarks/please/69434_aug_5_aug_11_aug_17_speed_slow.npy,85,True
43217_aug_0_aug_6_aug_12_aug_18,please,wlasl_36,WLASL_AUG_AUG_AUG_AUG,train,data/selected/landmarks/please/43217_aug_0_aug_6_aug_12_aug_18_jitter.npy,33,True
43218_aug_1_aug_7_aug_13_aug_19,please,wlasl_3,WLASL_AUG_AUG_AUG_AUG,train,data/selected/landmarks/please/43218_aug_1_aug_7_aug_13_aug_19_scale_rotate.npy,55,True
43219_aug_2_aug_8_aug_14_aug_20,please,wlasl_13,WLASL_AUG_AUG_AUG_AUG,test,data/selected/landmarks/please/43219_aug_2_aug_8_aug_14_aug_20_speed_fast.npy,48,True
43220_aug_3_aug_9_aug_15_aug_21,please,wlasl_15,WLASL_AUG_AUG_AUG_AUG,val,data/selected/landmarks/please/43220_aug_3_aug_9_aug_15_aug_21_speed_slow.npy,71,True
44689,problem,wlasl_5,WLASL,train,data/selected/landmarks/problem/44689_orig.npy,38,False
44682,problem,wlasl_4,WLASL,train,data/selected/landmarks/problem/44682_orig.npy,39,False
44680,problem,wlasl_19,WLASL,train,data/selected/landmarks/problem/44680_orig.npy,69,False
44681,problem,wlasl_0,WLASL,train,data/selected/landmarks/problem/44681_orig.npy,46,False
44677,problem,wlasl_9,WLASL,test,data/selected/landmarks/problem/44677_orig.npy,57,False
44677_aug_0,problem,wlasl_9,WLASL_AUG,test,data/selected/landmarks/problem/44677_aug_0_speed_fast.npy,48,True
44680_aug_1,problem,wlasl_19,WLASL_AUG,train,data/selected/landmarks/problem/44680_aug_1_speed_slow.npy,79,True
44681_aug_2,problem,wlasl_0,WLASL_AUG,train,data/selected/landmarks/problem/44681_aug_2_jitter.npy,46,True
44682_aug_3,problem,wlasl_4,WLASL_AUG,train,data/selected/landmarks/problem/44682_aug_3_scale_rotate.npy,39,True
44684_aug_4,problem,wlasl_13,WLASL_AUG,test,data/selected/landmarks/problem/44684_aug_4_speed_fast.npy,58,True
44688_aug_5,problem,wlasl_5,WLASL_AUG,val,data/selected/landmarks/problem/44688_aug_5_speed_slow.npy,43,True
44689_aug_6,problem,wlasl_5,WLASL_AUG,train,data/selected/landmarks/problem/44689_aug_6_jitter.npy,38,True
44677_aug_0_aug_7,problem,wlasl_9,WLASL_AUG_AUG,test,data/selected/landmarks/problem/44677_aug_0_aug_7_scale_rotate.npy,48,True
44680_aug_1_aug_8,problem,wlasl_19,WLASL_AUG_AUG,train,data/selected/landmarks/problem/44680_aug_1_aug_8_speed_fast.npy,67,True
44681_aug_2_aug_9,problem,wlasl_0,WLASL_AUG_AUG,train,data/selected/landmarks/problem/44681_aug_2_aug_9_speed_slow.npy,52,True
44682_aug_3_aug_10,problem,wlasl_4,WLASL_AUG_AUG,train,data/selected/landmarks/problem/44682_aug_3_aug_10_jitter.npy,39,True
44684_aug_4_aug_11,problem,wlasl_13,WLASL_AUG_AUG,test,data/selected/landmarks/problem/44684_aug_4_aug_11_scale_rotate.npy,58,True
44688_aug_5_aug_12,problem,wlasl_5,WLASL_AUG_AUG,val,data/selected/landmarks/problem/44688_aug_5_aug_12_speed_fast.npy,36,True
44689_aug_6_aug_13,problem,wlasl_5,WLASL_AUG_AUG,train,data/selected/landmarks/problem/44689_aug_6_aug_13_speed_slow.npy,43,True
44677_aug_0_aug_7_aug_14,problem,wlasl_9,WLASL_AUG_AUG_AUG,test,data/selected/landmarks/problem/44677_aug_0_aug_7_aug_14_jitter.npy,48,True
44680_aug_1_aug_8_aug_15,problem,wlasl_19,WLASL_AUG_AUG_AUG,train,data/selected/landmarks/problem/44680_aug_1_aug_8_aug_15_scale_rotate.npy,67,True
44681_aug_2_aug_9_aug_16,problem,wlasl_0,WLASL_AUG_AUG_AUG,train,data/selected/landmarks/problem/44681_aug_2_aug_9_aug_16_speed_fast.npy,44,True
44682_aug_3_aug_10_aug_17,problem,wlasl_4,WLASL_AUG_AUG_AUG,train,data/selected/landmarks/problem/44682_aug_3_aug_10_aug_17_speed_slow.npy,44,True
44684_aug_4_aug_11_aug_18,problem,wlasl_13,WLASL_AUG_AUG_AUG,test,data/selected/landmarks/problem/44684_aug_4_aug_11_aug_18_jitter.npy,58,True
44688_aug_5_aug_12_aug_19,problem,wlasl_5,WLASL_AUG_AUG_AUG,val,data/selected/landmarks/problem/44688_aug_5_aug_12_aug_19_scale_rotate.npy,36,True
44689_aug_6_aug_13_aug_20,problem,wlasl_5,WLASL_AUG_AUG_AUG,train,data/selected/landmarks/problem/44689_aug_6_aug_13_aug_20_speed_fast.npy,36,True
51503,sick,wlasl_60,WLASL,train,data/selected/landmarks/sick/51503_orig.npy,49,False
69470,sick,wlasl_118,WLASL,test,data/selected/landmarks/sick/69470_orig.npy,40,False
51494,sick,wlasl_9,WLASL,test,data/selected/landmarks/sick/51494_orig.npy,60,False
51494_aug_0,sick,wlasl_9,WLASL_AUG,test,data/selected/landmarks/sick/51494_aug_0_speed_fast.npy,51,True
51501_aug_1,sick,wlasl_63,WLASL_AUG,train,data/selected/landmarks/sick/51501_aug_1_speed_slow.npy,52,True
51502_aug_2,sick,wlasl_38,WLASL_AUG,train,data/selected/landmarks/sick/51502_aug_2_jitter.npy,42,True
51503_aug_3,sick,wlasl_60,WLASL_AUG,train,data/selected/landmarks/sick/51503_aug_3_scale_rotate.npy,49,True
69470_aug_4,sick,wlasl_118,WLASL_AUG,test,data/selected/landmarks/sick/69470_aug_4_speed_fast.npy,34,True
51494_aug_0_aug_5,sick,wlasl_9,WLASL_AUG_AUG,test,data/selected/landmarks/sick/51494_aug_0_aug_5_speed_slow.npy,58,True
51501_aug_1_aug_6,sick,wlasl_63,WLASL_AUG_AUG,train,data/selected/landmarks/sick/51501_aug_1_aug_6_jitter.npy,52,True
51502_aug_2_aug_7,sick,wlasl_38,WLASL_AUG_AUG,train,data/selected/landmarks/sick/51502_aug_2_aug_7_scale_rotate.npy,42,True
51503_aug_3_aug_8,sick,wlasl_60,WLASL_AUG_AUG,train,data/selected/landmarks/sick/51503_aug_3_aug_8_speed_fast.npy,41,True
69470_aug_4_aug_9,sick,wlasl_118,WLASL_AUG_AUG,test,data/selected/landmarks/sick/69470_aug_4_aug_9_speed_slow.npy,39,True
51494_aug_0_aug_5_aug_10,sick,wlasl_9,WLASL_AUG_AUG_AUG,test,data/selected/landmarks/sick/51494_aug_0_aug_5_aug_10_jitter.npy,58,True
51501_aug_1_aug_6_aug_11,sick,wlasl_63,WLASL_AUG_AUG_AUG,train,data/selected/landmarks/sick/51501_aug_1_aug_6_aug_11_scale_rotate.npy,52,True
51502_aug_2_aug_7_aug_12,sick,wlasl_38,WLASL_AUG_AUG_AUG,train,data/selected/landmarks/sick/51502_aug_2_aug_7_aug_12_speed_fast.npy,35,True
51503_aug_3_aug_8_aug_13,sick,wlasl_60,WLASL_AUG_AUG_AUG,train,data/selected/landmarks/sick/51503_aug_3_aug_8_aug_13_speed_slow.npy,47,True
69470_aug_4_aug_9_aug_14,sick,wlasl_118,WLASL_AUG_AUG_AUG,test,data/selected/landmarks/sick/69470_aug_4_aug_9_aug_14_jitter.npy,39,True
51494_aug_0_aug_5_aug_10_aug_15,sick,wlasl_9,WLASL_AUG_AUG_AUG_AUG,test,data/selected/landmarks/sick/51494_aug_0_aug_5_aug_10_aug_15_scale_rotate.npy,58,True
51501_aug_1_aug_6_aug_11_aug_16,sick,wlasl_63,WLASL_AUG_AUG_AUG_AUG,train,data/selected/landmarks/sick/51501_aug_1_aug_6_aug_11_aug_16_speed_fast.npy,44,True
51502_aug_2_aug_7_aug_12_aug_17,sick,wlasl_38,WLASL_AUG_AUG_AUG_AUG,train,data/selected/landmarks/sick/51502_aug_2_aug_7_aug_12_aug_17_speed_slow.npy,40,True
51503_aug_3_aug_8_aug_13_aug_18,sick,wlasl_60,WLASL_AUG_AUG_AUG_AUG,train,data/selected/landmarks/sick/51503_aug_3_aug_8_aug_13_aug_18_jitter.npy,47,True
69470_aug_4_aug_9_aug_14_aug_19,sick,wlasl_118,WLASL_AUG_AUG_AUG_AUG,test,data/selected/landmarks/sick/69470_aug_4_aug_9_aug_14_aug_19_scale_rotate.npy,39,True
51494_aug_0_aug_5_aug_10_aug_15_aug_20,sick,wlasl_9,WLASL_AUG_AUG_AUG_AUG_AUG,test,data/selected/landmarks/sick/51494_aug_0_aug_5_aug_10_aug_15_aug_20_speed_fast.npy,49,True
51501_aug_1_aug_6_aug_11_aug_16_aug_21,sick,wlasl_63,WLASL_AUG_AUG_AUG_AUG_AUG,train,data/selected/landmarks/sick/51501_aug_1_aug_6_aug_11_aug_16_aug_21_speed_slow.npy,50,True
51502_aug_2_aug_7_aug_12_aug_17_aug_22,sick,wlasl_38,WLASL_AUG_AUG_AUG_AUG_AUG,train,data/selected/landmarks/sick/51502_aug_2_aug_7_aug_12_aug_17_aug_22_jitter.npy,40,True
51621,sign,wlasl_21,WLASL,train,data/selected/landmarks/sign/51621_orig.npy,48,False
51633,sign,wlasl_5,WLASL,test,data/selected/landmarks/sign/51633_orig.npy,152,False
51622,sign,wlasl_21,WLASL,train,data/selected/landmarks/sign/51622_orig.npy,48,False
51616,sign,wlasl_4,WLASL,train,data/selected/landmarks/sign/51616_orig.npy,21,False
70209,sign,wlasl_121,WLASL,train,data/selected/landmarks/sign/70209_orig.npy,9,False
51614_aug_0,sign,wlasl_0,WLASL_AUG,test,data/selected/landmarks/sign/51614_aug_0_speed_fast.npy,37,True
51616_aug_1,sign,wlasl_4,WLASL_AUG,train,data/selected/landmarks/sign/51616_aug_1_speed_slow.npy,24,True
51617_aug_2,sign,wlasl_6,WLASL_AUG,train,data/selected/landmarks/sign/51617_aug_2_jitter.npy,34,True
51621_aug_3,sign,wlasl_21,WLASL_AUG,train,data/selected/landmarks/sign/51621_aug_3_scale_rotate.npy,48,True
51622_aug_4,sign,wlasl_21,WLASL_AUG,train,data/selected/landmarks/sign/51622_aug_4_speed_fast.npy,40,True
51633_aug_5,sign,wlasl_5,WLASL_AUG,test,data/selected/landmarks/sign/51633_aug_5_speed_slow.npy,85,True
70209_aug_6,sign,wlasl_121,WLASL_AUG,train,data/selected/landmarks/sign/70209_aug_6_jitter.npy,9,True
51614_aug_0_aug_7,sign,wlasl_0,WLASL_AUG_AUG,test,data/selected/landmarks/sign/51614_aug_0_aug_7_scale_rotate.npy,37,True
51616_aug_1_aug_8,sign,wlasl_4,WLASL_AUG_AUG,train,data/selected/landmarks/sign/51616_aug_1_aug_8_speed_fast.npy,20,True
51617_aug_2_aug_9,sign,wlasl_6,WLASL_AUG_AUG,train,data/selected/landmarks/sign/51617_aug_2_aug_9_speed_slow.npy,39,True
51621_aug_3_aug_10,sign,wlasl_21,WLASL_AUG_AUG,train,data/selected/landmarks/sign/51621_aug_3_aug_10_jitter.npy,48,True
51622_aug_4_aug_11,sign,wlasl_21,WLASL_AUG_AUG,train,data/selected/landmarks/sign/51622_aug_4_aug_11_scale_rotate.npy,40,True
51633_aug_5_aug_12,sign,wlasl_5,WLASL_AUG_AUG,test,data/selected/landmarks/sign/51633_aug_5_aug_12_speed_fast.npy,72,True
70209_aug_6_aug_13,sign,wlasl_121,WLASL_AUG_AUG,train,data/selected/landmarks/sign/70209_aug_6_aug_13_speed_slow.npy,10,True
51614_aug_0_aug_7_aug_14,sign,wlasl_0,WLASL_AUG_AUG_AUG,test,data/selected/landmarks/sign/51614_aug_0_aug_7_aug_14_jitter.npy,37,True
51616_aug_1_aug_8_aug_15,sign,wlasl_4,WLASL_AUG_AUG_AUG,train,data/selected/landmarks/sign/51616_aug_1_aug_8_aug_15_scale_rotate.npy,20,True
51617_aug_2_aug_9_aug_16,sign,wlasl_6,WLASL_AUG_AUG_AUG,train,data/selected/landmarks/sign/51617_aug_2_aug_9_aug_16_speed_fast.npy,33,True
51621_aug_3_aug_10_aug_17,sign,wlasl_21,WLASL_AUG_AUG_AUG,train,data/selected/landmarks/sign/51621_aug_3_aug_10_aug_17_speed_slow.npy,55,True
51622_aug_4_aug_11_aug_18,sign,wlasl_21,WLASL_AUG_AUG_AUG,train,data/selected/landmarks/sign/51622_aug_4_aug_11_aug_18_jitter.npy,40,True
51633_aug_5_aug_12_aug_19,sign,wlasl_5,WLASL_AUG_AUG_AUG,test,data/selected/landmarks/sign/51633_aug_5_aug_12_aug_19_scale_rotate.npy,72,True
70209_aug_6_aug_13_aug_20,sign,wlasl_121,WLASL_AUG_AUG_AUG,train,data/selected/landmarks/sign/70209_aug_6_aug_13_aug_20_speed_fast.npy,8,True
57657,thank you,wlasl_15,WLASL,test,data/selected/landmarks/thank you/57657_orig.npy,39,False
69502,thank you,wlasl_115,WLASL,train,data/selected/landmarks/thank you/69502_orig.npy,64,False
57663,thank you,wlasl_82,WLASL,val,data/selected/landmarks/thank you/57663_orig.npy,34,False
57655_aug_0,thank you,wlasl_46,WLASL_AUG,train,data/selected/landmarks/thank you/57655_aug_0_speed_fast.npy,26,True
57656_aug_1,thank you,wlasl_13,WLASL_AUG,val,data/selected/landmarks/thank you/57656_aug_1_speed_slow.npy,58,True
57657_aug_2,thank you,wlasl_15,WLASL_AUG,test,data/selected/landmarks/thank you/57657_aug_2_jitter.npy,39,True
57663_aug_3,thank you,wlasl_82,WLASL_AUG,val,data/selected/landmarks/thank you/57663_aug_3_scale_rotate.npy,34,True
69502_aug_4,thank you,wlasl_115,WLASL_AUG,train,data/selected/landmarks/thank you/69502_aug_4_speed_fast.npy,54,True
57655_aug_0_aug_5,thank you,wlasl_46,WLASL_AUG_AUG,train,data/selected/landmarks/thank you/57655_aug_0_aug_5_speed_slow.npy,29,True
57656_aug_1_aug_6,thank you,wlasl_13,WLASL_AUG_AUG,val,data/selected/landmarks/thank you/57656_aug_1_aug_6_jitter.npy,58,True
57657_aug_2_aug_7,thank you,wlasl_15,WLASL_AUG_AUG,test,data/selected/landmarks/thank you/57657_aug_2_aug_7_scale_rotate.npy,39,True
57663_aug_3_aug_8,thank you,wlasl_82,WLASL_AUG_AUG,val,data/selected/landmarks/thank you/57663_aug_3_aug_8_speed_fast.npy,28,True
69502_aug_4_aug_9,thank you,wlasl_115,WLASL_AUG_AUG,train,data/selected/landmarks/thank you/69502_aug_4_aug_9_speed_slow.npy,62,True
57655_aug_0_aug_5_aug_10,thank you,wlasl_46,WLASL_AUG_AUG_AUG,train,data/selected/landmarks/thank you/57655_aug_0_aug_5_aug_10_jitter.npy,29,True
57656_aug_1_aug_6_aug_11,thank you,wlasl_13,WLASL_AUG_AUG_AUG,val,data/selected/landmarks/thank you/57656_aug_1_aug_6_aug_11_scale_rotate.npy,58,True
57657_aug_2_aug_7_aug_12,thank you,wlasl_15,WLASL_AUG_AUG_AUG,test,data/selected/landmarks/thank you/57657_aug_2_aug_7_aug_12_speed_fast.npy,33,True
57663_aug_3_aug_8_aug_13,thank you,wlasl_82,WLASL_AUG_AUG_AUG,val,data/selected/landmarks/thank you/57663_aug_3_aug_8_aug_13_speed_slow.npy,32,True
69502_aug_4_aug_9_aug_14,thank you,wlasl_115,WLASL_AUG_AUG_AUG,train,data/selected/landmarks/thank you/69502_aug_4_aug_9_aug_14_jitter.npy,62,True
57655_aug_0_aug_5_aug_10_aug_15,thank you,wlasl_46,WLASL_AUG_AUG_AUG_AUG,train,data/selected/landmarks/thank you/57655_aug_0_aug_5_aug_10_aug_15_scale_rotate.npy,29,True
57656_aug_1_aug_6_aug_11_aug_16,thank you,wlasl_13,WLASL_AUG_AUG_AUG_AUG,val,data/selected/landmarks/thank you/57656_aug_1_aug_6_aug_11_aug_16_speed_fast.npy,49,True
57657_aug_2_aug_7_aug_12_aug_17,thank you,wlasl_15,WLASL_AUG_AUG_AUG_AUG,test,data/selected/landmarks/thank you/57657_aug_2_aug_7_aug_12_aug_17_speed_slow.npy,37,True
57663_aug_3_aug_8_aug_13_aug_18,thank you,wlasl_82,WLASL_AUG_AUG_AUG_AUG,val,data/selected/landmarks/thank you/57663_aug_3_aug_8_aug_13_aug_18_jitter.npy,32,True
69502_aug_4_aug_9_aug_14_aug_19,thank you,wlasl_115,WLASL_AUG_AUG_AUG_AUG,train,data/selected/landmarks/thank you/69502_aug_4_aug_9_aug_14_aug_19_scale_rotate.npy,62,True
57655_aug_0_aug_5_aug_10_aug_15_aug_20,thank you,wlasl_46,WLASL_AUG_AUG_AUG_AUG_AUG,train,data/selected/landmarks/thank you/57655_aug_0_aug_5_aug_10_aug_15_aug_20_speed_fast.npy,24,True
57656_aug_1_aug_6_aug_11_aug_16_aug_21,thank you,wlasl_13,WLASL_AUG_AUG_AUG_AUG_AUG,val,data/selected/landmarks/thank you/57656_aug_1_aug_6_aug_11_aug_16_aug_21_speed_slow.npy,56,True
57657_aug_2_aug_7_aug_12_aug_17_aug_22,thank you,wlasl_15,WLASL_AUG_AUG_AUG_AUG_AUG,test,data/selected/landmarks/thank you/57657_aug_2_aug_7_aug_12_aug_17_aug_22_jitter.npy,37,True
62097,wait,wlasl_56,WLASL,train,data/selected/landmarks/wait/62097_orig.npy,30,False
62098,wait,wlasl_38,WLASL,train,data/selected/landmarks/wait/62098_orig.npy,65,False
62102,wait,wlasl_6,WLASL,val,data/selected/landmarks/wait/62102_orig.npy,36,False
62100,wait,wlasl_60,WLASL,train,data/selected/landmarks/wait/62100_orig.npy,57,False
62077,wait,wlasl_9,WLASL,test,data/selected/landmarks/wait/62077_orig.npy,63,False
62109,wait,wlasl_5,WLASL,train,data/selected/landmarks/wait/62109_orig.npy,64,False
62077_aug_0,wait,wlasl_9,WLASL_AUG,test,data/selected/landmarks/wait/62077_aug_0_speed_fast.npy,53,True
62097_aug_1,wait,wlasl_56,WLASL_AUG,train,data/selected/landmarks/wait/62097_aug_1_speed_slow.npy,34,True
62098_aug_2,wait,wlasl_38,WLASL_AUG,train,data/selected/landmarks/wait/62098_aug_2_jitter.npy,65,True
62100_aug_3,wait,wlasl_60,WLASL_AUG,train,data/selected/landmarks/wait/62100_aug_3_scale_rotate.npy,57,True
62101_aug_4,wait,wlasl_32,WLASL_AUG,train,data/selected/landmarks/wait/62101_aug_4_speed_fast.npy,19,True
62102_aug_5,wait,wlasl_6,WLASL_AUG,val,data/selected/landmarks/wait/62102_aug_5_speed_slow.npy,41,True
62103_aug_6,wait,wlasl_13,WLASL_AUG,train,data/selected/landmarks/wait/62103_aug_6_jitter.npy,65,True
62109_aug_7,wait,wlasl_5,WLASL_AUG,train,data/selected/landmarks/wait/62109_aug_7_scale_rotate.npy,64,True
62077_aug_0_aug_8,wait,wlasl_9,WLASL_AUG_AUG,test,data/selected/landmarks/wait/62077_aug_0_aug_8_speed_fast.npy,45,True
62097_aug_1_aug_9,wait,wlasl_56,WLASL_AUG_AUG,train,data/selected/landmarks/wait/62097_aug_1_aug_9_speed_slow.npy,39,True
62098_aug_2_aug_10,wait,wlasl_38,WLASL_AUG_AUG,train,data/selected/landmarks/wait/62098_aug_2_aug_10_jitter.npy,65,True
62100_aug_3_aug_11,wait,wlasl_60,WLASL_AUG_AUG,train,data/selected/landmarks/wait/62100_aug_3_aug_11_scale_rotate.npy,57,True
62101_aug_4_aug_12,wait,wlasl_32,WLASL_AUG_AUG,train,data/selected/landmarks/wait/62101_aug_4_aug_12_speed_fast.npy,16,True
62102_aug_5_aug_13,wait,wlasl_6,WLASL_AUG_AUG,val,data/selected/landmarks/wait/62102_aug_5_aug_13_speed_slow.npy,47,True
62103_aug_6_aug_14,wait,wlasl_13,WLASL_AUG_AUG,train,data/selected/landmarks/wait/62103_aug_6_aug_14_jitter.npy,65,True
62109_aug_7_aug_15,wait,wlasl_5,WLASL_AUG_AUG,train,data/selected/landmarks/wait/62109_aug_7_aug_15_scale_rotate.npy,64,True
62077_aug_0_aug_8_aug_16,wait,wlasl_9,WLASL_AUG_AUG_AUG,test,data/selected/landmarks/wait/62077_aug_0_aug_8_aug_16_speed_fast.npy,38,True
62097_aug_1_aug_9_aug_17,wait,wlasl_56,WLASL_AUG_AUG_AUG,train,data/selected/landmarks/wait/62097_aug_1_aug_9_aug_17_speed_slow.npy,44,True
62098_aug_2_aug_10_aug_18,wait,wlasl_38,WLASL_AUG_AUG_AUG,train,data/selected/landmarks/wait/62098_aug_2_aug_10_aug_18_jitter.npy,65,True
62100_aug_3_aug_11_aug_19,wait,wlasl_60,WLASL_AUG_AUG_AUG,train,data/selected/landmarks/wait/62100_aug_3_aug_11_aug_19_scale_rotate.npy,57,True
63084,where,wlasl_13,WLASL,train,data/selected/landmarks/where/63084_orig.npy,52,False
63083,where,wlasl_70,WLASL,train,data/selected/landmarks/where/63083_orig.npy,32,False
63081,where,wlasl_42,WLASL,train,data/selected/landmarks/where/63081_orig.npy,35,False
63079,where,wlasl_9,WLASL,val,data/selected/landmarks/where/63079_orig.npy,60,False
63089,where,wlasl_5,WLASL,train,data/selected/landmarks/where/63089_orig.npy,104,False
63079_aug_0,where,wlasl_9,WLASL_AUG,val,data/selected/landmarks/where/63079_aug_0_speed_fast.npy,51,True
63081_aug_1,where,wlasl_42,WLASL_AUG,train,data/selected/landmarks/where/63081_aug_1_speed_slow.npy,40,True
63083_aug_2,where,wlasl_70,WLASL_AUG,train,data/selected/landmarks/where/63083_aug_2_jitter.npy,32,True
63084_aug_3,where,wlasl_13,WLASL_AUG,train,data/selected/landmarks/where/63084_aug_3_scale_rotate.npy,52,True
63088_aug_4,where,wlasl_64,WLASL_AUG,train,data/selected/landmarks/where/63088_aug_4_speed_fast.npy,88,True
63089_aug_5,where,wlasl_5,WLASL_AUG,train,data/selected/landmarks/where/63089_aug_5_speed_slow.npy,85,True
68181_aug_6,where,wlasl_110,WLASL_AUG,train,data/selected/landmarks/where/68181_aug_6_jitter.npy,59,True
63079_aug_0_aug_7,where,wlasl_9,WLASL_AUG_AUG,val,data/selected/landmarks/where/63079_aug_0_aug_7_scale_rotate.npy,51,True
63081_aug_1_aug_8,where,wlasl_42,WLASL_AUG_AUG,train,data/selected/landmarks/where/63081_aug_1_aug_8_speed_fast.npy,34,True
63083_aug_2_aug_9,where,wlasl_70,WLASL_AUG_AUG,train,data/selected/landmarks/where/63083_aug_2_aug_9_speed_slow.npy,36,True
63084_aug_3_aug_10,where,wlasl_13,WLASL_AUG_AUG,train,data/selected/landmarks/where/63084_aug_3_aug_10_jitter.npy,52,True
63088_aug_4_aug_11,where,wlasl_64,WLASL_AUG_AUG,train,data/selected/landmarks/where/63088_aug_4_aug_11_scale_rotate.npy,88,True
63089_aug_5_aug_12,where,wlasl_5,WLASL_AUG_AUG,train,data/selected/landmarks/where/63089_aug_5_aug_12_speed_fast.npy,72,True
68181_aug_6_aug_13,where,wlasl_110,WLASL_AUG_AUG,train,data/selected/landmarks/where/68181_aug_6_aug_13_speed_slow.npy,67,True
63079_aug_0_aug_7_aug_14,where,wlasl_9,WLASL_AUG_AUG_AUG,val,data/selected/landmarks/where/63079_aug_0_aug_7_aug_14_jitter.npy,51,True
63081_aug_1_aug_8_aug_15,where,wlasl_42,WLASL_AUG_AUG_AUG,train,data/selected/landmarks/where/63081_aug_1_aug_8_aug_15_scale_rotate.npy,34,True
63083_aug_2_aug_9_aug_16,where,wlasl_70,WLASL_AUG_AUG_AUG,train,data/selected/landmarks/where/63083_aug_2_aug_9_aug_16_speed_fast.npy,30,True
63084_aug_3_aug_10_aug_17,where,wlasl_13,WLASL_AUG_AUG_AUG,train,data/selected/landmarks/where/63084_aug_3_aug_10_aug_17_speed_slow.npy,59,True
63088_aug_4_aug_11_aug_18,where,wlasl_64,WLASL_AUG_AUG_AUG,train,data/selected/landmarks/where/63088_aug_4_aug_11_aug_18_jitter.npy,88,True
63089_aug_5_aug_12_aug_19,where,wlasl_5,WLASL_AUG_AUG_AUG,train,data/selected/landmarks/where/63089_aug_5_aug_12_aug_19_scale_rotate.npy,72,True
68181_aug_6_aug_13_aug_20,where,wlasl_110,WLASL_AUG_AUG_AUG,train,data/selected/landmarks/where/68181_aug_6_aug_13_aug_20_speed_fast.npy,56,True
68192,yes,wlasl_109,WLASL,val,data/selected/landmarks/yes/68192_orig.npy,55,False
64295,yes,wlasl_5,WLASL,train,data/selected/landmarks/yes/64295_orig.npy,39,False
64294,yes,wlasl_5,WLASL,train,data/selected/landmarks/yes/64294_orig.npy,35,False
64275,yes,wlasl_9,WLASL,test,data/selected/landmarks/yes/64275_orig.npy,70,False
64297,yes,wlasl_5,WLASL,test,data/selected/landmarks/yes/64297_orig.npy,30,False
64296,yes,wlasl_47,WLASL,train,data/selected/landmarks/yes/64296_orig.npy,32,False
64275_aug_0,yes,wlasl_9,WLASL_AUG,test,data/selected/landmarks/yes/64275_aug_0_speed_fast.npy,59,True
64280_aug_1,yes,wlasl_28,WLASL_AUG,train,data/selected/landmarks/yes/64280_aug_1_speed_slow.npy,32,True
64284_aug_2,yes,wlasl_3,WLASL_AUG,train,data/selected/landmarks/yes/64284_aug_2_jitter.npy,36,True
64287_aug_3,yes,wlasl_13,WLASL_AUG,val,data/selected/landmarks/yes/64287_aug_3_scale_rotate.npy,49,True
64294_aug_4,yes,wlasl_5,WLASL_AUG,train,data/selected/landmarks/yes/64294_aug_4_speed_fast.npy,29,True
64295_aug_5,yes,wlasl_5,WLASL_AUG,train,data/selected/landmarks/yes/64295_aug_5_speed_slow.npy,44,True
64296_aug_6,yes,wlasl_47,WLASL_AUG,train,data/selected/landmarks/yes/64296_aug_6_jitter.npy,32,True
64297_aug_7,yes,wlasl_5,WLASL_AUG,test,data/selected/landmarks/yes/64297_aug_7_scale_rotate.npy,30,True
68192_aug_8,yes,wlasl_109,WLASL_AUG,val,data/selected/landmarks/yes/68192_aug_8_speed_fast.npy,46,True
69546_aug_9,yes,wlasl_118,WLASL_AUG,val,data/selected/landmarks/yes/69546_aug_9_speed_slow.npy,54,True
64275_aug_0_aug_10,yes,wlasl_9,WLASL_AUG_AUG,test,data/selected/landmarks/yes/64275_aug_0_aug_10_jitter.npy,59,True
64280_aug_1_aug_11,yes,wlasl_28,WLASL_AUG_AUG,train,data/selected/landmarks/yes/64280_aug_1_aug_11_scale_rotate.npy,32,True
64284_aug_2_aug_12,yes,wlasl_3,WLASL_AUG_AUG,train,data/selected/landmarks/yes/64284_aug_2_aug_12_speed_fast.npy,30,True
64287_aug_3_aug_13,yes,wlasl_13,WLASL_AUG_AUG,val,data/selected/landmarks/yes/64287_aug_3_aug_13_speed_slow.npy,56,True
64294_aug_4_aug_14,yes,wlasl_5,WLASL_AUG_AUG,train,data/selected/landmarks/yes/64294_aug_4_aug_14_jitter.npy,29,True
64295_aug_5_aug_15,yes,wlasl_5,WLASL_AUG_AUG,train,data/selected/landmarks/yes/64295_aug_5_aug_15_scale_rotate.npy,44,True
64296_aug_6_aug_16,yes,wlasl_47,WLASL_AUG_AUG,train,data/selected/landmarks/yes/64296_aug_6_aug_16_speed_fast.npy,27,True
64297_aug_7_aug_17,yes,wlasl_5,WLASL_AUG_AUG,test,data/selected/landmarks/yes/64297_aug_7_aug_17_speed_slow.npy,34,True
